firstName,lastname
Jacek,Kucharski
Anna,Fabijańska
Lidia,Jackowska-Strumiłło
Anna,Fabijańska
Volodymyr,Mosorov
Dominik,Sankowski
Krzysztof,Ślot
Jerzy,Zgraja
Robert,Banasiak
Krzysztof,Grudzień
Lidia,Jackowska-Strumiłło
Jacek,Kucharski
Andrzej,Romanowski
Radosław,Wajman
Radosław,Adamus
Marcin,Bąkała
Wojciech,Bieniecki
Dariusz,W.
Zbigniew,Chaniecki
Piotr,Duch
Andrzej,Frączyk
Jarosław,Gocławski
Joanna,Jojczyk
Paweł,Kapusta
Tomasz,Kowalski
Michał,Majchrowicz
Jacek,Nowakowski
Zdzisława,Rowińska
Grzegorz,Rybak
Artur,Sierszeń
Krzysztof,Strzecha
Łukasz,Sturgulewski
Robert,Susik
Piotr,Jarosław
Magdalena,Wróbel-Lachowska
Krzysztof,Adamiak
Ranya,Al
Marwah,Bani
Sebastian,Biedroń
Adam,Cieślak
Julia,Dominiak
Paweł,Fiderek
Jarosław,Florczak
Rafał,Jachowicz
Abdulla,Juwaied
Paweł,Kielanowski
Tomasz,Kosiński
Przemysław,Kucharski
Piotr,Łuczak
Tomasz,Matajek
Mariusz,Matusiak
Mateusz,Miłak
Taras,Panskyi
Izabela,Perenc
Agnieszka,Satarowska
Wiktor,Sztajerowski
Adam,Trojnar
Artur,Twardowski
Piotr,Więcek
Tomasz,Tomczyk
Maria,Kapturska
Robert,Kapturski
Adrian,Królik
Marcin,Wyczechowski
Sławomir,Gawryszczak
Roman,Krzeszewski
Dorota,Ziąbka
